lambda1,lambda2,lambda3,lambda4,lambda5,lambda6,lambda7,lambda8,lambda9,lambda10,lambda11,lambda12,lambda13,lambda14,lambda15,lambda16,lambda17,lambda18,lambda19,lambda20,lambda21,lambda22,lambda23,lambda24,lambda25,lambda26,lambda27,lambda28,lambda29,lambda30,lambda31,lambda32,lambda33,lambda34,lambda35,lambda36,lambda37,lambda38,lambda39,lambda40,lambda41,lambda42,lambda43,lambda44,lambda45,lambda46,lambda47,lambda48,lambda49,lambda50,lambda51,lambda52,lambda53,lambda54,lambda55,lambda56,lambda57,lambda58,lambda59,lambda60,lambda61,QE1,QE2,QE3,QE4,QE5,QE6,QE7,QE8,QE9,QE10,QE11,QE12,QE13,QE14,QE15,QE16,QE17,QE18,QE19,QE20,QE21,QE22,QE23,QE24,QE25,QE26,QE27,QE28,QE29,QE30,QE31,QE32,QE33,QE34,QE35,QE36,QE37,QE38,QE39,QE40,QE41,QE42,QE43,QE44,QE45,QE46,QE47,QE48,QE49,QE50,QE51,QE52,QE53,QE54,QE55,QE56,QE57,QE58,QE59,QE60,QE61,T,N_A,N_t,mu_h,intensity,ID_def
300.000000,310.000000,320.000000,330.000000,340.000000,350.000000,360.000000,370.000000,380.000000,390.000000,400.000000,410.000000,420.000000,430.000000,440.000000,450.000000,460.000000,470.000000,480.000000,490.000000,500.000000,510.000000,520.000000,530.000000,540.000000,550.000000,560.000000,570.000000,580.000000,590.000000,600.000000,610.000000,620.000000,630.000000,640.000000,650.000000,660.000000,670.000000,680.000000,690.000000,700.000000,710.000000,720.000000,730.000000,740.000000,750.000000,760.000000,770.000000,780.000000,790.000000,800.000000,810.000000,820.000000,830.000000,840.000000,850.000000,860.000000,870.000000,880.000000,890.000000,900.000000,1.614313e+01,1.786642e+01,1.979000e+01,2.196438e+01,2.446961e+01,2.744551e+01,3.118636e+01,3.663034e+01,4.567261e+01,4.725216e+01,4.888319e+01,5.057431e+01,5.233618e+01,5.418231e+01,5.613026e+01,5.820360e+01,6.043529e+01,6.287387e+01,6.559631e+01,6.873841e+01,7.258602e+01,7.802398e+01,8.787264e+01,8.812382e+01,8.837255e+01,8.861905e+01,8.886352e+01,8.910615e+01,8.934714e+01,8.958667e+01,8.982490e+01,9.006200e+01,9.029812e+01,9.053337e+01,9.076787e+01,9.100169e+01,9.123485e+01,9.146730e+01,9.169890e+01,9.192932e+01,9.215800e+01,9.238397e+01,9.260558e+01,9.282001e+01,9.302226e+01,9.320313e+01,9.334418e+01,9.340198e+01,9.325187e+01,9.263233e+01,9.106850e+01,8.769204e+01,8.167363e+01,7.156580e+01,5.628471e+01,3.641461e+01,1.493988e+01,1.117684e-01,-2.230132e-05,-4.350300e-05,-6.528999e-05,300.00,1.000e+15,1.000e+15,1.000e+01,100,2
300.000000,310.000000,320.000000,330.000000,340.000000,350.000000,360.000000,370.000000,380.000000,390.000000,400.000000,410.000000,420.000000,430.000000,440.000000,450.000000,460.000000,470.000000,480.000000,490.000000,500.000000,510.000000,520.000000,530.000000,540.000000,550.000000,560.000000,570.000000,580.000000,590.000000,600.000000,610.000000,620.000000,630.000000,640.000000,650.000000,660.000000,670.000000,680.000000,690.000000,700.000000,710.000000,720.000000,730.000000,740.000000,750.000000,760.000000,770.000000,780.000000,790.000000,800.000000,810.000000,820.000000,830.000000,840.000000,850.000000,860.000000,870.000000,880.000000,890.000000,900.000000,1.615302e+01,1.787742e+01,1.980165e+01,2.197682e+01,2.448227e+01,2.745924e+01,3.120159e+01,3.664806e+01,4.569627e+01,4.727645e+01,4.890816e+01,5.060000e+01,5.236263e+01,5.420896e+01,5.615775e+01,5.823201e+01,6.046473e+01,6.290449e+01,6.562832e+01,6.877212e+01,7.262255e+01,7.806421e+01,8.792074e+01,8.817123e+01,8.841928e+01,8.866509e+01,8.890886e+01,8.915080e+01,8.939110e+01,8.962993e+01,8.986746e+01,9.010385e+01,9.033925e+01,9.057378e+01,9.080754e+01,9.104061e+01,9.127299e+01,9.150465e+01,9.173542e+01,9.196497e+01,9.219274e+01,9.241773e+01,9.263827e+01,9.285149e+01,9.305213e+01,9.323141e+01,9.337060e+01,9.342638e+01,9.327509e+01,9.265529e+01,9.109206e+01,8.771584e+01,8.169527e+01,7.158309e+01,5.629626e+01,3.642045e+01,1.494149e+01,1.119865e-01,-1.433688e-05,-2.768013e-05,-4.168796e-05,300.00,1.000e+15,1.000e+15,4.000e+01,100,2
300.000000,310.000000,320.000000,330.000000,340.000000,350.000000,360.000000,370.000000,380.000000,390.000000,400.000000,410.000000,420.000000,430.000000,440.000000,450.000000,460.000000,470.000000,480.000000,490.000000,500.000000,510.000000,520.000000,530.000000,540.000000,550.000000,560.000000,570.000000,580.000000,590.000000,600.000000,610.000000,620.000000,630.000000,640.000000,650.000000,660.000000,670.000000,680.000000,690.000000,700.000000,710.000000,720.000000,730.000000,740.000000,750.000000,760.000000,770.000000,780.000000,790.000000,800.000000,810.000000,820.000000,830.000000,840.000000,850.000000,860.000000,870.000000,880.000000,890.000000,900.000000,1.558236e+01,1.725383e+01,1.911828e+01,2.122688e+01,2.365649e+01,2.654277e+01,3.017129e+01,3.545273e+01,4.422763e+01,4.575613e+01,4.733341e+01,4.896769e+01,5.066916e+01,5.245076e+01,5.432931e+01,5.632745e+01,5.847683e+01,6.082419e+01,6.344365e+01,6.646618e+01,7.016834e+01,7.540338e+01,8.489937e+01,8.510291e+01,8.530090e+01,8.549327e+01,8.567990e+01,8.586063e+01,8.603522e+01,8.620337e+01,8.636470e+01,8.651872e+01,8.666482e+01,8.680226e+01,8.693008e+01,8.704713e+01,8.715195e+01,8.724270e+01,8.731709e+01,8.737217e+01,8.740413e+01,8.740803e+01,8.737728e+01,8.730298e+01,8.717284e+01,8.696935e+01,8.666673e+01,8.622504e+01,8.557748e+01,8.460203e+01,8.305339e+01,8.038687e+01,7.563242e+01,6.721631e+01,5.369713e+01,3.521796e+01,1.450961e+01,1.055400e-01,-5.148201e-05,-1.015094e-04,-1.521215e-04,300.00,1.000e+15,1.000e+17,1.000e+01,100,2
300.000000,310.000000,320.000000,330.000000,340.000000,350.000000,360.000000,370.000000,380.000000,390.000000,400.000000,410.000000,420.000000,430.000000,440.000000,450.000000,460.000000,470.000000,480.000000,490.000000,500.000000,510.000000,520.000000,530.000000,540.000000,550.000000,560.000000,570.000000,580.000000,590.000000,600.000000,610.000000,620.000000,630.000000,640.000000,650.000000,660.000000,670.000000,680.000000,690.000000,700.000000,710.000000,720.000000,730.000000,740.000000,750.000000,760.000000,770.000000,780.000000,790.000000,800.000000,810.000000,820.000000,830.000000,840.000000,850.000000,860.000000,870.000000,880.000000,890.000000,900.000000,1.574880e+01,1.743444e+01,1.931539e+01,2.144160e+01,2.389050e+01,2.680022e+01,3.045801e+01,3.578205e+01,4.462869e+01,4.616724e+01,4.775492e+01,4.940004e+01,5.111287e+01,5.290645e+01,5.479697e+01,5.680875e+01,5.897300e+01,6.133682e+01,6.397495e+01,6.701940e+01,7.074894e+01,7.602456e+01,8.559477e+01,8.579861e+01,8.599713e+01,8.619026e+01,8.637792e+01,8.655995e+01,8.673615e+01,8.690623e+01,8.706984e+01,8.722651e+01,8.737569e+01,8.751664e+01,8.764848e+01,8.777008e+01,8.788003e+01,8.797657e+01,8.805745e+01,8.811980e+01,8.815989e+01,8.817286e+01,8.815220e+01,8.808909e+01,8.797131e+01,8.778139e+01,8.749346e+01,8.706734e+01,8.643558e+01,8.547443e+01,8.393412e+01,8.125734e+01,7.644787e+01,6.789756e+01,5.417263e+01,3.548341e+01,1.462973e+01,1.075717e-01,-3.057999e-05,-5.997726e-05,-9.008870e-05,300.00,1.000e+15,1.000e+17,4.000e+01,100,2
300.000000,310.000000,320.000000,330.000000,340.000000,350.000000,360.000000,370.000000,380.000000,390.000000,400.000000,410.000000,420.000000,430.000000,440.000000,450.000000,460.000000,470.000000,480.000000,490.000000,500.000000,510.000000,520.000000,530.000000,540.000000,550.000000,560.000000,570.000000,580.000000,590.000000,600.000000,610.000000,620.000000,630.000000,640.000000,650.000000,660.000000,670.000000,680.000000,690.000000,700.000000,710.000000,720.000000,730.000000,740.000000,750.000000,760.000000,770.000000,780.000000,790.000000,800.000000,810.000000,820.000000,830.000000,840.000000,850.000000,860.000000,870.000000,880.000000,890.000000,900.000000,1.960782e+01,2.159492e+01,2.380699e+01,2.630278e+01,2.917457e+01,3.258419e+01,3.687341e+01,4.313622e+01,5.357466e+01,5.523230e+01,5.694238e+01,5.871437e+01,6.058581e+01,6.251733e+01,6.455674e+01,6.673004e+01,6.907365e+01,7.164133e+01,7.451846e+01,7.785608e+01,8.197351e+01,8.786364e+01,9.866264e+01,9.867109e+01,9.867955e+01,9.868464e+01,9.868799e+01,9.868950e+01,9.868904e+01,9.868648e+01,9.868164e+01,9.867432e+01,9.866426e+01,9.865118e+01,9.863471e+01,9.861440e+01,9.858969e+01,9.855989e+01,9.852411e+01,9.848117e+01,9.842954e+01,9.836709e+01,9.829080e+01,9.819627e+01,9.807663e+01,9.792056e+01,9.770750e+01,9.739345e+01,9.685813e+01,9.585722e+01,9.394501e+01,9.029970e+01,8.409795e+01,7.390453e+01,5.857060e+01,3.852212e+01,1.654859e+01,3.002982e-01,-3.683429e-05,-7.222022e-05,-1.075899e-04,300.00,1.000e+17,1.000e+15,1.000e+01,100,2
300.000000,310.000000,320.000000,330.000000,340.000000,350.000000,360.000000,370.000000,380.000000,390.000000,400.000000,410.000000,420.000000,430.000000,440.000000,450.000000,460.000000,470.000000,480.000000,490.000000,500.000000,510.000000,520.000000,530.000000,540.000000,550.000000,560.000000,570.000000,580.000000,590.000000,600.000000,610.000000,620.000000,630.000000,640.000000,650.000000,660.000000,670.000000,680.000000,690.000000,700.000000,710.000000,720.000000,730.000000,740.000000,750.000000,760.000000,770.000000,780.000000,790.000000,800.000000,810.000000,820.000000,830.000000,840.000000,850.000000,860.000000,870.000000,880.000000,890.000000,900.000000,1.967830e+01,2.166547e+01,2.387753e+01,2.637318e+01,2.924473e+01,3.265395e+01,3.694259e+01,4.320451e+01,5.364122e+01,5.529709e+01,5.700534e+01,5.877544e+01,6.064483e+01,6.257429e+01,6.461153e+01,6.678253e+01,6.912367e+01,7.168866e+01,7.456281e+01,7.789699e+01,8.201025e+01,8.789452e+01,9.868314e+01,9.869272e+01,9.869899e+01,9.870361e+01,9.870648e+01,9.870752e+01,9.870659e+01,9.870356e+01,9.869826e+01,9.869048e+01,9.867996e+01,9.866642e+01,9.864949e+01,9.862871e+01,9.860354e+01,9.857328e+01,9.853702e+01,9.849362e+01,9.844150e+01,9.837856e+01,9.830178e+01,9.820674e+01,9.808658e+01,9.792997e+01,9.771635e+01,9.740173e+01,9.686583e+01,9.586435e+01,9.395159e+01,9.030578e+01,8.410357e+01,7.390969e+01,5.857525e+01,3.852604e+01,1.655141e+01,3.010119e-01,-3.645778e-05,-7.148497e-05,-1.065031e-04,300.00,1.000e+17,1.000e+15,4.000e+01,100,2
300.000000,310.000000,320.000000,330.000000,340.000000,350.000000,360.000000,370.000000,380.000000,390.000000,400.000000,410.000000,420.000000,430.000000,440.000000,450.000000,460.000000,470.000000,480.000000,490.000000,500.000000,510.000000,520.000000,530.000000,540.000000,550.000000,560.000000,570.000000,580.000000,590.000000,600.000000,610.000000,620.000000,630.000000,640.000000,650.000000,660.000000,670.000000,680.000000,690.000000,700.000000,710.000000,720.000000,730.000000,740.000000,750.000000,760.000000,770.000000,780.000000,790.000000,800.000000,810.000000,820.000000,830.000000,840.000000,850.000000,860.000000,870.000000,880.000000,890.000000,900.000000,1.892517e+01,2.079333e+01,2.286707e+01,2.520063e+01,2.787959e+01,3.105471e+01,3.504581e+01,4.088122e+01,5.062291e+01,5.203465e+01,5.348188e+01,5.497244e+01,5.654185e+01,5.814834e+01,5.983663e+01,6.162878e+01,6.355588e+01,6.566419e+01,6.802769e+01,7.077816e+01,7.419602e+01,7.915889e+01,8.841250e+01,8.800205e+01,8.757706e+01,8.713326e+01,8.667130e+01,8.618997e+01,8.568798e+01,8.516386e+01,8.461598e+01,8.404250e+01,8.344137e+01,8.281027e+01,8.214654e+01,8.144718e+01,8.070874e+01,7.992721e+01,7.909798e+01,7.821561e+01,7.727370e+01,7.626461e+01,7.517914e+01,7.400606e+01,7.273145e+01,7.133780e+01,6.980260e+01,6.809616e+01,6.617798e+01,6.399036e+01,6.144584e+01,5.839965e+01,5.459939e+01,4.955865e+01,4.234994e+01,3.148813e+01,1.573138e+01,3.000197e-01,-3.683461e-05,-7.216638e-05,-1.074237e-04,300.00,1.000e+17,1.000e+17,1.000e+01,100,2
300.000000,310.000000,320.000000,330.000000,340.000000,350.000000,360.000000,370.000000,380.000000,390.000000,400.000000,410.000000,420.000000,430.000000,440.000000,450.000000,460.000000,470.000000,480.000000,490.000000,500.000000,510.000000,520.000000,530.000000,540.000000,550.000000,560.000000,570.000000,580.000000,590.000000,600.000000,610.000000,620.000000,630.000000,640.000000,650.000000,660.000000,670.000000,680.000000,690.000000,700.000000,710.000000,720.000000,730.000000,740.000000,750.000000,760.000000,770.000000,780.000000,790.000000,800.000000,810.000000,820.000000,830.000000,840.000000,850.000000,860.000000,870.000000,880.000000,890.000000,900.000000,1.899812e+01,2.086660e+01,2.294061e+01,2.527435e+01,2.795342e+01,3.112858e+01,3.511963e+01,4.095496e+01,5.069626e+01,5.210639e+01,5.355197e+01,5.504082e+01,5.660836e+01,5.821298e+01,5.989930e+01,6.168934e+01,6.361419e+01,6.572004e+01,6.808081e+01,7.082813e+01,7.424218e+01,7.919971e+01,8.844378e+01,8.803433e+01,8.760701e+01,8.716259e+01,8.670000e+01,8.621806e+01,8.571544e+01,8.519070e+01,8.464219e+01,8.406809e+01,8.346633e+01,8.283459e+01,8.217023e+01,8.147023e+01,8.073113e+01,7.994895e+01,7.911905e+01,7.823601e+01,7.729342e+01,7.628364e+01,7.519746e+01,7.402366e+01,7.274831e+01,7.135391e+01,6.981794e+01,6.811069e+01,6.619169e+01,6.400321e+01,6.145781e+01,5.841069e+01,5.460947e+01,4.956773e+01,4.235794e+01,3.149476e+01,1.573585e+01,3.008219e-01,-3.645173e-05,-7.141917e-05,-1.063106e-04,300.00,1.000e+17,1.000e+17,4.000e+01,100,2
300.000000,310.000000,320.000000,330.000000,340.000000,350.000000,360.000000,370.000000,380.000000,390.000000,400.000000,410.000000,420.000000,430.000000,440.000000,450.000000,460.000000,470.000000,480.000000,490.000000,500.000000,510.000000,520.000000,530.000000,540.000000,550.000000,560.000000,570.000000,580.000000,590.000000,600.000000,610.000000,620.000000,630.000000,640.000000,650.000000,660.000000,670.000000,680.000000,690.000000,700.000000,710.000000,720.000000,730.000000,740.000000,750.000000,760.000000,770.000000,780.000000,790.000000,800.000000,810.000000,820.000000,830.000000,840.000000,850.000000,860.000000,870.000000,880.000000,890.000000,900.000000,1.614672e+01,1.787104e+01,1.979516e+01,2.196934e+01,2.447506e+01,2.745154e+01,3.119312e+01,3.663818e+01,4.568245e+01,4.726222e+01,4.889347e+01,5.058481e+01,5.234692e+01,5.419329e+01,5.614150e+01,5.821511e+01,6.044709e+01,6.288601e+01,6.560883e+01,6.875136e+01,7.260010e+01,7.803848e+01,8.788883e+01,8.813985e+01,8.838842e+01,8.863476e+01,8.887906e+01,8.912153e+01,8.936235e+01,8.960171e+01,8.983978e+01,9.007671e+01,9.031265e+01,9.054773e+01,9.078205e+01,9.101568e+01,9.124865e+01,9.148090e+01,9.171229e+01,9.194249e+01,9.217094e+01,9.239666e+01,9.261799e+01,9.283211e+01,9.303400e+01,9.321445e+01,9.335501e+01,9.341228e+01,9.326183e+01,9.264222e+01,9.107850e+01,8.770205e+01,8.168308e+01,7.157426e+01,5.629144e+01,3.641935e+01,1.494245e+01,1.118301e-01,-5.166501e-08,-3.600988e-08,-7.334987e-08,300.00,1.000e+15,1.000e+15,1.000e+01,10,2
300.000000,310.000000,320.000000,330.000000,340.000000,350.000000,360.000000,370.000000,380.000000,390.000000,400.000000,410.000000,420.000000,430.000000,440.000000,450.000000,460.000000,470.000000,480.000000,490.000000,500.000000,510.000000,520.000000,530.000000,540.000000,550.000000,560.000000,570.000000,580.000000,590.000000,600.000000,610.000000,620.000000,630.000000,640.000000,650.000000,660.000000,670.000000,680.000000,690.000000,700.000000,710.000000,720.000000,730.000000,740.000000,750.000000,760.000000,770.000000,780.000000,790.000000,800.000000,810.000000,820.000000,830.000000,840.000000,850.000000,860.000000,870.000000,880.000000,890.000000,900.000000,1.615591e+01,1.788056e+01,1.980506e+01,2.198054e+01,2.448711e+01,2.746395e+01,3.120686e+01,3.665417e+01,4.570375e+01,4.728409e+01,4.891596e+01,5.060795e+01,5.237076e+01,5.421789e+01,5.616692e+01,5.824083e+01,6.047377e+01,6.291378e+01,6.563789e+01,6.878203e+01,7.263289e+01,7.807519e+01,8.793296e+01,8.818333e+01,8.843125e+01,8.867694e+01,8.892059e+01,8.916240e+01,8.940257e+01,8.964127e+01,8.987867e+01,9.011493e+01,9.035020e+01,9.058459e+01,9.081822e+01,9.105114e+01,9.128339e+01,9.151489e+01,9.174550e+01,9.197489e+01,9.220248e+01,9.242728e+01,9.264760e+01,9.286059e+01,9.306120e+01,9.324014e+01,9.337894e+01,9.343429e+01,9.328253e+01,9.266273e+01,9.109965e+01,8.772349e+01,8.170251e+01,7.158948e+01,5.630152e+01,3.642411e+01,1.494356e+01,1.120314e-01,-4.356947e-08,-2.643638e-08,-5.093425e-08,300.00,1.000e+15,1.000e+15,4.000e+01,10,2
300.000000,310.000000,320.000000,330.000000,340.000000,350.000000,360.000000,370.000000,380.000000,390.000000,400.000000,410.000000,420.000000,430.000000,440.000000,450.000000,460.000000,470.000000,480.000000,490.000000,500.000000,510.000000,520.000000,530.000000,540.000000,550.000000,560.000000,570.000000,580.000000,590.000000,600.000000,610.000000,620.000000,630.000000,640.000000,650.000000,660.000000,670.000000,680.000000,690.000000,700.000000,710.000000,720.000000,730.000000,740.000000,750.000000,760.000000,770.000000,780.000000,790.000000,800.000000,810.000000,820.000000,830.000000,840.000000,850.000000,860.000000,870.000000,880.000000,890.000000,900.000000,1.557236e+01,1.724378e+01,1.910913e+01,2.121710e+01,2.364679e+01,2.653321e+01,3.016199e+01,3.544401e+01,4.422128e+01,4.574879e+01,4.732592e+01,4.896004e+01,5.066137e+01,5.244283e+01,5.432126e+01,5.631930e+01,5.846860e+01,6.081592e+01,6.343539e+01,6.645802e+01,7.016040e+01,7.539616e+01,8.489364e+01,8.509669e+01,8.529422e+01,8.548614e+01,8.567235e+01,8.585267e+01,8.602689e+01,8.619470e+01,8.635572e+01,8.650948e+01,8.665537e+01,8.679264e+01,8.692037e+01,8.703739e+01,8.714227e+01,8.723318e+01,8.730784e+01,8.736332e+01,8.739584e+01,8.740048e+01,8.737068e+01,8.729759e+01,8.716896e+01,8.696734e+01,8.666702e+01,8.622813e+01,8.558397e+01,8.461253e+01,8.306836e+01,8.040563e+01,7.565122e+01,6.722703e+01,5.369340e+01,3.520429e+01,1.450131e+01,1.043712e-01,-1.165362e-07,-2.330736e-07,-3.507005e-07,300.00,1.000e+15,1.000e+17,1.000e+01,10,2
300.000000,310.000000,320.000000,330.000000,340.000000,350.000000,360.000000,370.000000,380.000000,390.000000,400.000000,410.000000,420.000000,430.000000,440.000000,450.000000,460.000000,470.000000,480.000000,490.000000,500.000000,510.000000,520.000000,530.000000,540.000000,550.000000,560.000000,570.000000,580.000000,590.000000,600.000000,610.000000,620.000000,630.000000,640.000000,650.000000,660.000000,670.000000,680.000000,690.000000,700.000000,710.000000,720.000000,730.000000,740.000000,750.000000,760.000000,770.000000,780.000000,790.000000,800.000000,810.000000,820.000000,830.000000,840.000000,850.000000,860.000000,870.000000,880.000000,890.000000,900.000000,1.575198e+01,1.743777e+01,1.931887e+01,2.144520e+01,2.389505e+01,2.680439e+01,3.046250e+01,3.578714e+01,4.463501e+01,4.617322e+01,4.776056e+01,4.940532e+01,5.111780e+01,5.291105e+01,5.480203e+01,5.681358e+01,5.897683e+01,6.134038e+01,6.397828e+01,6.702258e+01,7.075206e+01,7.602789e+01,8.559901e+01,8.580221e+01,8.600010e+01,8.619264e+01,8.637973e+01,8.656121e+01,8.673689e+01,8.690649e+01,8.706966e+01,8.722595e+01,8.737478e+01,8.751545e+01,8.764708e+01,8.776854e+01,8.787845e+01,8.797506e+01,8.805612e+01,8.811880e+01,8.815938e+01,8.817303e+01,8.815328e+01,8.809137e+01,8.797509e+01,8.778704e+01,8.750144e+01,8.707817e+01,8.644984e+01,8.549274e+01,8.395684e+01,8.128363e+01,7.647386e+01,6.791532e+01,5.417660e+01,3.547923e+01,1.463469e+01,1.068850e-01,-7.098142e-08,-1.403871e-07,-2.070703e-07,300.00,1.000e+15,1.000e+17,4.000e+01,10,2
300.000000,310.000000,320.000000,330.000000,340.000000,350.000000,360.000000,370.000000,380.000000,390.000000,400.000000,410.000000,420.000000,430.000000,440.000000,450.000000,460.000000,470.000000,480.000000,490.000000,500.000000,510.000000,520.000000,530.000000,540.000000,550.000000,560.000000,570.000000,580.000000,590.000000,600.000000,610.000000,620.000000,630.000000,640.000000,650.000000,660.000000,670.000000,680.000000,690.000000,700.000000,710.000000,720.000000,730.000000,740.000000,750.000000,760.000000,770.000000,780.000000,790.000000,800.000000,810.000000,820.000000,830.000000,840.000000,850.000000,860.000000,870.000000,880.000000,890.000000,900.000000,1.960675e+01,2.159384e+01,2.380590e+01,2.630168e+01,2.917346e+01,3.258306e+01,3.687227e+01,4.313506e+01,5.357346e+01,5.523109e+01,5.694116e+01,5.871315e+01,6.058476e+01,6.251624e+01,6.455561e+01,6.672887e+01,6.907246e+01,7.164012e+01,7.451724e+01,7.785486e+01,8.197233e+01,8.786235e+01,9.866254e+01,9.867093e+01,9.867773e+01,9.868286e+01,9.868626e+01,9.868780e+01,9.868739e+01,9.868486e+01,9.868006e+01,9.867278e+01,9.866276e+01,9.864971e+01,9.863327e+01,9.861299e+01,9.858832e+01,9.855855e+01,9.852280e+01,9.847990e+01,9.842829e+01,9.836586e+01,9.828960e+01,9.819509e+01,9.807548e+01,9.791943e+01,9.770638e+01,9.739235e+01,9.685706e+01,9.585618e+01,9.394401e+01,9.029876e+01,8.409711e+01,7.390381e+01,5.857037e+01,3.852195e+01,1.654798e+01,3.002149e-01,-1.130288e-06,-2.254242e-06,-3.377982e-06,300.00,1.000e+17,1.000e+15,1.000e+01,10,2
300.000000,310.000000,320.000000,330.000000,340.000000,350.000000,360.000000,370.000000,380.000000,390.000000,400.000000,410.000000,420.000000,430.000000,440.000000,450.000000,460.000000,470.000000,480.000000,490.000000,500.000000,510.000000,520.000000,530.000000,540.000000,550.000000,560.000000,570.000000,580.000000,590.000000,600.000000,610.000000,620.000000,630.000000,640.000000,650.000000,660.000000,670.000000,680.000000,690.000000,700.000000,710.000000,720.000000,730.000000,740.000000,750.000000,760.000000,770.000000,780.000000,790.000000,800.000000,810.000000,820.000000,830.000000,840.000000,850.000000,860.000000,870.000000,880.000000,890.000000,900.000000,1.967721e+01,2.166437e+01,2.387642e+01,2.637207e+01,2.924361e+01,3.265282e+01,3.694144e+01,4.320334e+01,5.364001e+01,5.529587e+01,5.700412e+01,5.877422e+01,6.064377e+01,6.257319e+01,6.461040e+01,6.678137e+01,6.912249e+01,7.168746e+01,7.456160e+01,7.789579e+01,8.200909e+01,8.789325e+01,9.868302e+01,9.869092e+01,9.869723e+01,9.870189e+01,9.870480e+01,9.870588e+01,9.870499e+01,9.870200e+01,9.869674e+01,9.868899e+01,9.867851e+01,9.866501e+01,9.864811e+01,9.862737e+01,9.860223e+01,9.857199e+01,9.853577e+01,9.849239e+01,9.844031e+01,9.837739e+01,9.830064e+01,9.820562e+01,9.808549e+01,9.792890e+01,9.771531e+01,9.740071e+01,9.686483e+01,9.586338e+01,9.395066e+01,9.030492e+01,8.410279e+01,7.390903e+01,5.857503e+01,3.852587e+01,1.655081e+01,3.009297e-01,-1.119407e-06,-2.231952e-06,-3.346720e-06,300.00,1.000e+17,1.000e+15,4.000e+01,10,2
300.000000,310.000000,320.000000,330.000000,340.000000,350.000000,360.000000,370.000000,380.000000,390.000000,400.000000,410.000000,420.000000,430.000000,440.000000,450.000000,460.000000,470.000000,480.000000,490.000000,500.000000,510.000000,520.000000,530.000000,540.000000,550.000000,560.000000,570.000000,580.000000,590.000000,600.000000,610.000000,620.000000,630.000000,640.000000,650.000000,660.000000,670.000000,680.000000,690.000000,700.000000,710.000000,720.000000,730.000000,740.000000,750.000000,760.000000,770.000000,780.000000,790.000000,800.000000,810.000000,820.000000,830.000000,840.000000,850.000000,860.000000,870.000000,880.000000,890.000000,900.000000,1.891336e+01,2.078148e+01,2.285520e+01,2.518874e+01,2.786770e+01,3.104283e+01,3.503394e+01,4.086941e+01,5.061125e+01,5.202307e+01,5.347041e+01,5.496109e+01,5.653080e+01,5.813739e+01,5.982580e+01,6.161808e+01,6.354535e+01,6.565386e+01,6.801762e+01,7.076843e+01,7.418676e+01,7.915019e+01,8.840573e+01,8.799514e+01,8.756840e+01,8.712456e+01,8.666255e+01,8.618118e+01,8.567915e+01,8.515498e+01,8.460706e+01,8.403354e+01,8.343237e+01,8.280123e+01,8.213746e+01,8.143806e+01,8.069958e+01,7.991803e+01,7.908876e+01,7.820637e+01,7.726444e+01,7.625533e+01,7.516985e+01,7.399677e+01,7.272217e+01,7.132854e+01,6.979338e+01,6.808699e+01,6.616889e+01,6.398139e+01,6.143704e+01,5.839109e+01,5.459122e+01,4.955110e+01,4.234375e+01,3.148363e+01,1.572901e+01,3.000188e-01,-1.129361e-06,-2.253319e-06,-3.376500e-06,300.00,1.000e+17,1.000e+17,1.000e+01,10,2
300.000000,310.000000,320.000000,330.000000,340.000000,350.000000,360.000000,370.000000,380.000000,390.000000,400.000000,410.000000,420.000000,430.000000,440.000000,450.000000,460.000000,470.000000,480.000000,490.000000,500.000000,510.000000,520.000000,530.000000,540.000000,550.000000,560.000000,570.000000,580.000000,590.000000,600.000000,610.000000,620.000000,630.000000,640.000000,650.000000,660.000000,670.000000,680.000000,690.000000,700.000000,710.000000,720.000000,730.000000,740.000000,750.000000,760.000000,770.000000,780.000000,790.000000,800.000000,810.000000,820.000000,830.000000,840.000000,850.000000,860.000000,870.000000,880.000000,890.000000,900.000000,1.898614e+01,2.085459e+01,2.292857e+01,2.526229e+01,2.794136e+01,3.111652e+01,3.510759e+01,4.094297e+01,5.068443e+01,5.209466e+01,5.354034e+01,5.502931e+01,5.659715e+01,5.820187e+01,5.988831e+01,6.167850e+01,6.360352e+01,6.570958e+01,6.807061e+01,7.081828e+01,7.423281e+01,7.919091e+01,8.843687e+01,8.802565e+01,8.759830e+01,8.715383e+01,8.669120e+01,8.620921e+01,8.570655e+01,8.518177e+01,8.463322e+01,8.405908e+01,8.345728e+01,8.282550e+01,8.216110e+01,8.146106e+01,8.072193e+01,7.993972e+01,7.910979e+01,7.822673e+01,7.728411e+01,7.627432e+01,7.518813e+01,7.401432e+01,7.273899e+01,7.134461e+01,6.980867e+01,6.810148e+01,6.618256e+01,6.399420e+01,6.144896e+01,5.840209e+01,5.460126e+01,4.956013e+01,4.235166e+01,3.149016e+01,1.573342e+01,3.007907e-01,-1.117938e-06,-2.229757e-06,-3.344982e-06,300.00,1.000e+17,1.000e+17,4.000e+01,10,2
300.000000,310.000000,320.000000,330.000000,340.000000,350.000000,360.000000,370.000000,380.000000,390.000000,400.000000,410.000000,420.000000,430.000000,440.000000,450.000000,460.000000,470.000000,480.000000,490.000000,500.000000,510.000000,520.000000,530.000000,540.000000,550.000000,560.000000,570.000000,580.000000,590.000000,600.000000,610.000000,620.000000,630.000000,640.000000,650.000000,660.000000,670.000000,680.000000,690.000000,700.000000,710.000000,720.000000,730.000000,740.000000,750.000000,760.000000,770.000000,780.000000,790.000000,800.000000,810.000000,820.000000,830.000000,840.000000,850.000000,860.000000,870.000000,880.000000,890.000000,900.000000,1.638270e+01,1.812674e+01,2.007249e+01,2.227163e+01,2.480512e+01,2.781445e+01,3.159748e+01,3.710337e+01,4.625201e+01,4.784002e+01,4.947963e+01,5.117952e+01,5.295043e+01,5.480601e+01,5.676394e+01,5.884801e+01,6.109146e+01,6.354326e+01,6.628047e+01,6.944122e+01,7.331406e+01,7.879115e+01,8.871990e+01,8.895588e+01,8.918943e+01,8.942075e+01,8.965003e+01,8.987746e+01,9.010322e+01,9.032747e+01,9.055037e+01,9.077207e+01,9.099269e+01,9.121236e+01,9.143115e+01,9.164913e+01,9.186631e+01,9.208262e+01,9.229790e+01,9.251182e+01,9.272383e+01,9.293293e+01,9.313751e+01,9.333474e+01,9.351970e+01,9.368322e+01,9.380690e+01,9.384687e+01,9.367606e+01,9.303148e+01,9.143860e+01,8.803013e+01,8.197961e+01,7.183828e+01,5.652009e+01,3.660608e+01,1.507342e+01,1.182301e-01,-2.049677e-07,-6.789945e-07,-1.160243e-06,280.00,1.000e+15,1.000e+15,1.000e+01,100,2
300.000000,310.000000,320.000000,330.000000,340.000000,350.000000,360.000000,370.000000,380.000000,390.000000,400.000000,410.000000,420.000000,430.000000,440.000000,450.000000,460.000000,470.000000,480.000000,490.000000,500.000000,510.000000,520.000000,530.000000,540.000000,550.000000,560.000000,570.000000,580.000000,590.000000,600.000000,610.000000,620.000000,630.000000,640.000000,650.000000,660.000000,670.000000,680.000000,690.000000,700.000000,710.000000,720.000000,730.000000,740.000000,750.000000,760.000000,770.000000,780.000000,790.000000,800.000000,810.000000,820.000000,830.000000,840.000000,850.000000,860.000000,870.000000,880.000000,890.000000,900.000000,1.639358e+01,1.813820e+01,2.008465e+01,2.228386e+01,2.481818e+01,2.782859e+01,3.161312e+01,3.712217e+01,4.627634e+01,4.786498e+01,4.950459e+01,5.120512e+01,5.297673e+01,5.483305e+01,5.679179e+01,5.887675e+01,6.112118e+01,6.357412e+01,6.631325e+01,6.947572e+01,7.335084e+01,7.883154e+01,8.876753e+01,8.900280e+01,8.923564e+01,8.946626e+01,8.969483e+01,8.992156e+01,9.014661e+01,9.037015e+01,9.059234e+01,9.081332e+01,9.103321e+01,9.125215e+01,9.147020e+01,9.168743e+01,9.190384e+01,9.211936e+01,9.233382e+01,9.254690e+01,9.275800e+01,9.296615e+01,9.316968e+01,9.336575e+01,9.354939e+01,9.371138e+01,9.383326e+01,9.387131e+01,9.369926e+01,9.305455e+01,9.146224e+01,8.805382e+01,8.200116e+01,7.185550e+01,5.653165e+01,3.661202e+01,1.507514e+01,1.184590e-01,-1.590558e-05,-3.055759e-05,-4.604042e-05,280.00,1.000e+15,1.000e+15,4.000e+01,100,2
300.000000,310.000000,320.000000,330.000000,340.000000,350.000000,360.000000,370.000000,380.000000,390.000000,400.000000,410.000000,420.000000,430.000000,440.000000,450.000000,460.000000,470.000000,480.000000,490.000000,500.000000,510.000000,520.000000,530.000000,540.000000,550.000000,560.000000,570.000000,580.000000,590.000000,600.000000,610.000000,620.000000,630.000000,640.000000,650.000000,660.000000,670.000000,680.000000,690.000000,700.000000,710.000000,720.000000,730.000000,740.000000,750.000000,760.000000,770.000000,780.000000,790.000000,800.000000,810.000000,820.000000,830.000000,840.000000,850.000000,860.000000,870.000000,880.000000,890.000000,900.000000,1.588818e+01,1.758517e+01,1.947848e+01,2.161832e+01,2.408345e+01,2.701153e+01,3.069249e+01,3.605124e+01,4.495577e+01,4.649490e+01,4.808292e+01,4.972814e+01,5.144088e+01,5.323419e+01,5.512511e+01,5.713651e+01,5.930040e+01,6.166402e+01,6.430164e+01,6.734702e+01,7.107931e+01,7.636275e+01,8.595587e+01,8.614152e+01,8.632168e+01,8.649627e+01,8.666518e+01,8.682822e+01,8.698517e+01,8.713570e+01,8.727945e+01,8.741590e+01,8.754447e+01,8.766438e+01,8.777471e+01,8.787428e+01,8.796166e+01,8.803500e+01,8.809203e+01,8.812981e+01,8.814455e+01,8.813133e+01,8.808359e+01,8.799248e+01,8.784572e+01,8.762586e+01,8.730711e+01,8.684948e+01,8.618591e+01,8.519350e+01,8.362403e+01,8.092331e+01,7.610819e+01,6.760962e+01,5.401461e+01,3.547082e+01,1.469855e+01,1.123257e-01,-1.465613e-06,-1.816749e-06,-2.844273e-06,280.00,1.000e+15,1.000e+17,1.000e+01,100,2
300.000000,310.000000,320.000000,330.000000,340.000000,350.000000,360.000000,370.000000,380.000000,390.000000,400.000000,410.000000,420.000000,430.000000,440.000000,450.000000,460.000000,470.000000,480.000000,490.000000,500.000000,510.000000,520.000000,530.000000,540.000000,550.000000,560.000000,570.000000,580.000000,590.000000,600.000000,610.000000,620.000000,630.000000,640.000000,650.000000,660.000000,670.000000,680.000000,690.000000,700.000000,710.000000,720.000000,730.000000,740.000000,750.000000,760.000000,770.000000,780.000000,790.000000,800.000000,810.000000,820.000000,830.000000,840.000000,850.000000,860.000000,870.000000,880.000000,890.000000,900.000000,1.603112e+01,1.774037e+01,1.964721e+01,2.180142e+01,2.428366e+01,2.723194e+01,3.093819e+01,3.633379e+01,4.530100e+01,4.684918e+01,4.844661e+01,5.010088e+01,5.182390e+01,5.362810e+01,5.553064e+01,5.755456e+01,5.973212e+01,6.211090e+01,6.476643e+01,6.783211e+01,7.158970e+01,7.690962e+01,8.656958e+01,8.675671e+01,8.693859e+01,8.711518e+01,8.728636e+01,8.745199e+01,8.761183e+01,8.776563e+01,8.791301e+01,8.805351e+01,8.818656e+01,8.831145e+01,8.842728e+01,8.853293e+01,8.862700e+01,8.870774e+01,8.877292e+01,8.881968e+01,8.884432e+01,8.884200e+01,8.880626e+01,8.872834e+01,8.859604e+01,8.839195e+01,8.809024e+01,8.765069e+01,8.700560e+01,8.603040e+01,8.447231e+01,8.176487e+01,7.689599e+01,6.826415e+01,5.446463e+01,3.571279e+01,1.479841e+01,1.142164e-01,-3.322371e-05,-6.491954e-05,-9.755179e-05,280.00,1.000e+15,1.000e+17,4.000e+01,100,2
300.000000,310.000000,320.000000,330.000000,340.000000,350.000000,360.000000,370.000000,380.000000,390.000000,400.000000,410.000000,420.000000,430.000000,440.000000,450.000000,460.000000,470.000000,480.000000,490.000000,500.000000,510.000000,520.000000,530.000000,540.000000,550.000000,560.000000,570.000000,580.000000,590.000000,600.000000,610.000000,620.000000,630.000000,640.000000,650.000000,660.000000,670.000000,680.000000,690.000000,700.000000,710.000000,720.000000,730.000000,740.000000,750.000000,760.000000,770.000000,780.000000,790.000000,800.000000,810.000000,820.000000,830.000000,840.000000,850.000000,860.000000,870.000000,880.000000,890.000000,900.000000,1.963901e+01,2.162905e+01,2.384441e+01,2.634388e+01,2.921992e+01,3.263460e+01,3.696250e+01,4.323252e+01,5.368316e+01,5.534036e+01,5.705001e+01,5.882161e+01,6.066689e+01,6.260076e+01,6.464259e+01,6.681840e+01,6.916465e+01,7.173514e+01,7.461534e+01,7.795641e+01,8.208828e+01,8.797316e+01,9.878228e+01,9.878859e+01,9.879337e+01,9.879654e+01,9.879802e+01,9.879771e+01,9.879550e+01,9.879125e+01,9.878478e+01,9.877589e+01,9.876435e+01,9.874986e+01,9.873207e+01,9.871054e+01,9.868473e+01,9.865397e+01,9.861738e+01,9.857383e+01,9.852182e+01,9.845927e+01,9.838327e+01,9.828947e+01,9.817115e+01,9.801714e+01,9.780699e+01,9.749740e+01,9.696418e+01,9.596227e+01,9.404469e+01,9.038843e+01,8.417295e+01,7.396290e+01,5.861191e+01,3.854903e+01,1.656390e+01,3.038920e-01,-1.982346e-04,-3.833315e-04,-5.684072e-04,280.00,1.000e+17,1.000e+15,1.000e+01,100,2
300.000000,310.000000,320.000000,330.000000,340.000000,350.000000,360.000000,370.000000,380.000000,390.000000,400.000000,410.000000,420.000000,430.000000,440.000000,450.000000,460.000000,470.000000,480.000000,490.000000,500.000000,510.000000,520.000000,530.000000,540.000000,550.000000,560.000000,570.000000,580.000000,590.000000,600.000000,610.000000,620.000000,630.000000,640.000000,650.000000,660.000000,670.000000,680.000000,690.000000,700.000000,710.000000,720.000000,730.000000,740.000000,750.000000,760.000000,770.000000,780.000000,790.000000,800.000000,810.000000,820.000000,830.000000,840.000000,850.000000,860.000000,870.000000,880.000000,890.000000,900.000000,1.970988e+01,2.169997e+01,2.391526e+01,2.641456e+01,2.929029e+01,3.270450e+01,3.703165e+01,4.330065e+01,5.374932e+01,5.540472e+01,5.711251e+01,5.888218e+01,6.072546e+01,6.265724e+01,6.469685e+01,6.687032e+01,6.921405e+01,7.178179e+01,7.465894e+01,7.799649e+01,8.212405e+01,8.800297e+01,9.880139e+01,9.880725e+01,9.881157e+01,9.881428e+01,9.881532e+01,9.881457e+01,9.881192e+01,9.880723e+01,9.880032e+01,9.879101e+01,9.877903e+01,9.876411e+01,9.874589e+01,9.872392e+01,9.869768e+01,9.866648e+01,9.862945e+01,9.858545e+01,9.853299e+01,9.846999e+01,9.839351e+01,9.829924e+01,9.818043e+01,9.802591e+01,9.781623e+01,9.750509e+01,9.697132e+01,9.596888e+01,9.405080e+01,9.039407e+01,8.417817e+01,7.396770e+01,5.861624e+01,3.855268e+01,1.656655e+01,3.045590e-01,-1.964537e-04,-3.799132e-04,-5.633461e-04,280.00,1.000e+17,1.000e+15,4.000e+01,100,2
300.000000,310.000000,320.000000,330.000000,340.000000,350.000000,360.000000,370.000000,380.000000,390.000000,400.000000,410.000000,420.000000,430.000000,440.000000,450.000000,460.000000,470.000000,480.000000,490.000000,500.000000,510.000000,520.000000,530.000000,540.000000,550.000000,560.000000,570.000000,580.000000,590.000000,600.000000,610.000000,620.000000,630.000000,640.000000,650.000000,660.000000,670.000000,680.000000,690.000000,700.000000,710.000000,720.000000,730.000000,740.000000,750.000000,760.000000,770.000000,780.000000,790.000000,800.000000,810.000000,820.000000,830.000000,840.000000,850.000000,860.000000,870.000000,880.000000,890.000000,900.000000,1.896374e+01,2.083520e+01,2.291256e+01,2.525013e+01,2.793366e+01,3.111416e+01,3.514427e+01,4.098738e+01,5.074210e+01,5.215261e+01,5.359851e+01,5.508760e+01,5.662964e+01,5.823706e+01,5.992613e+01,6.171891e+01,6.364649e+01,6.575510e+01,6.811872e+01,7.086907e+01,7.429675e+01,7.924719e+01,8.848374e+01,8.806667e+01,8.763333e+01,8.718273e+01,8.671382e+01,8.622539e+01,8.571613e+01,8.518457e+01,8.462906e+01,8.404775e+01,8.343859e+01,8.279923e+01,8.212701e+01,8.141892e+01,8.067148e+01,7.988069e+01,7.904191e+01,7.814969e+01,7.719761e+01,7.617804e+01,7.508175e+01,7.389752e+01,7.261145e+01,7.120605e+01,6.965887e+01,6.794126e+01,6.601107e+01,6.381215e+01,6.125820e+01,5.820710e+01,5.441140e+01,4.939425e+01,4.224011e+01,3.145927e+01,1.575361e+01,3.036114e-01,-1.982238e-04,-3.828421e-04,-5.667796e-04,280.00,1.000e+17,1.000e+17,1.000e+01,100,2
300.000000,310.000000,320.000000,330.000000,340.000000,350.000000,360.000000,370.000000,380.000000,390.000000,400.000000,410.000000,420.000000,430.000000,440.000000,450.000000,460.000000,470.000000,480.000000,490.000000,500.000000,510.000000,520.000000,530.000000,540.000000,550.000000,560.000000,570.000000,580.000000,590.000000,600.000000,610.000000,620.000000,630.000000,640.000000,650.000000,660.000000,670.000000,680.000000,690.000000,700.000000,710.000000,720.000000,730.000000,740.000000,750.000000,760.000000,770.000000,780.000000,790.000000,800.000000,810.000000,820.000000,830.000000,840.000000,850.000000,860.000000,870.000000,880.000000,890.000000,900.000000,1.903735e+01,2.090912e+01,2.298672e+01,2.532445e+01,2.800806e+01,3.118855e+01,3.521848e+01,4.106142e+01,5.081558e+01,5.222448e+01,5.366871e+01,5.515607e+01,5.669631e+01,5.830183e+01,5.998891e+01,6.177956e+01,6.370485e+01,6.581097e+01,6.817182e+01,7.091898e+01,7.434274e+01,7.928780e+01,8.851453e+01,8.809687e+01,8.766292e+01,8.721174e+01,8.674223e+01,8.625320e+01,8.574335e+01,8.521118e+01,8.465507e+01,8.407316e+01,8.346339e+01,8.282342e+01,8.215059e+01,8.144187e+01,8.069380e+01,7.990238e+01,7.906295e+01,7.817008e+01,7.721734e+01,7.619709e+01,7.510011e+01,7.391518e+01,7.262838e+01,7.122225e+01,6.967528e+01,6.795588e+01,6.602489e+01,6.382513e+01,6.127031e+01,5.821830e+01,5.442166e+01,4.940352e+01,4.224832e+01,3.146608e+01,1.575815e+01,3.043684e-01,-1.963797e-04,-3.792809e-04,-5.615140e-04,280.00,1.000e+17,1.000e+17,4.000e+01,100,2
